{
	"folders": {},
	"connections": {
		"microsoft-19bb71841e4-413a35430674b0a2": {
			"provider": "sqlserver",
			"driver": "microsoft",
			"name": "SQL Server@sql-server",
			"save-password": true,
			"configuration": {
				"host": "sql-server",
				"port": "1433",
				"database": "unzip_db",
				"url": "jdbc:sqlserver://;serverName\u003dsql-server;databaseName\u003dunzip_db",
				"configurationType": "MANUAL",
				"type": "dev",
				"closeIdleConnection": true,
				"auth-model": "sqlserver_database",
				"bootstrap": {
					"autocommit": true
				}
			}
		},
		"oracle_thin-19bbbe1ca57-158b57312c43df86": {
			"provider": "oracle",
			"driver": "oracle_thin",
			"name": "Oracle@oracle-server",
			"save-password": true,
			"configuration": {
				"host": "oracle-server",
				"port": "1521",
				"database": "FREEPDB1",
				"url": "jdbc:oracle:thin:@//oracle-server:1521/FREEPDB1",
				"configurationType": "MANUAL",
				"type": "dev",
				"closeIdleConnection": true,
				"provider-properties": {
					"@dbeaver-sid-service@": "SERVICE",
					"oracle.logon-as": "Normal"
				},
				"auth-model": "oracle_native",
				"bootstrap": {
					"autocommit": true
				}
			}
		}
	},
	"connection-types": {
		"dev": {
			"name": "Development",
			"color": "255,255,255",
			"description": "Regular development database",
			"auto-commit": true,
			"confirm-execute": false,
			"confirm-data-change": false,
			"smart-commit": false,
			"smart-commit-recover": true,
			"auto-close-transactions": true,
			"close-transactions-period": 1800,
			"auto-close-connections": true,
			"close-connections-period": 14400
		}
	}
}